N	Id	Description	Localization	Epitope	Start	End	N-Glyc	N-Glyc-Count	N-Glyc-Motifs	Length	MW(kDa)	I.P	Hydropathy	All Matches Cover	Avg Cover	BepiPred3	Emini	Kolaskar	Chou Fosman	Karplus Schulz	Parker
1	O30405	O30405	Periplasmic	SFYTRGKRHTP	113	124	N	0	-	11	1.35	11.00	-1.71	0.09	0.82	0.25	1.94	0.98	1.07	1.03	2.79
2	O83289	O83289	CytoplasmicMembrane	RYTTAPFPPTPAN	215	228	N	0	-	13	1.43	8.75	-0.88	0.00	0.80	0.22	3.11	1.00	1.10	1.03	2.25
3	O83444	O83444	CytoplasmicMembrane	QTKNVTRGEE	62	72	Y	1	NVT[4:6]	10	1.16	6.14	-2.00	0.00	0.78	0.21	2.29	0.97	1.01	1.05	4.54
4	O83561	O83561	Cytoplasmic	GGKNGEVRDR	379	389	N	0	-	10	1.09	8.75	-2.04	0.00	0.76	0.21	2.23	0.96	1.11	1.06	4.27
5	O66103	O66103	CytoplasmicMembrane	RTPPEIGPERN	254	265	N	0	-	11	1.27	6.14	-1.90	0.00	0.75	0.22	1.58	0.97	1.08	1.04	2.86
6	O83151	O83151	Cytoplasmic	KSSEQSHYVNN	86	97	N	0	-	11	1.29	6.75	-1.87	0.09	0.75	0.23	1.81	1.02	1.12	1.04	3.95
7	O83544	O83544	CytoplasmicMembrane	PRGKSSVAHDSANEEQFQGEKC	109	131	N	0	-	22	2.40	5.54	-1.44	0.00	0.73	0.25	1.84	1.00	1.05	1.04	4.05
8	O83414	O83414	CytoplasmicMembrane	EIRQDNPDTPWDD	293	306	N	0	-	13	1.60	3.71	-2.25	0.00	0.72	0.21	1.97	0.95	1.19	1.05	3.76
9	O83172	O83172	Extracellular	NGAGSSSTGTTASPSTET	117	135	N	0	-	18	1.61	4.00	-0.76	0.00	0.69	0.23	1.18	0.99	1.20	1.08	4.94
10	O07888	O07888	Unknown	YPVSQEFRESREL	66	79	N	0	-	13	1.64	4.79	-1.28	0.08	0.68	0.22	1.71	1.02	0.93	1.02	2.38
11	O83172	O83172	Extracellular	DTASSAASSPAQCPSSPSSSSSSSTNAGCE	303	333	N	0	-	30	2.75	3.67	-0.57	0.10	0.67	0.24	1.20	1.03	1.22	1.06	4.82
12	O83128	O83128	Cytoplasmic	HPVRSRAKELPEVRKN	157	173	N	0	-	16	1.92	10.90	-1.56	0.06	0.66	0.27	2.19	1.04	0.93	1.03	2.28
13	O83425	O83425	CytoplasmicMembrane	RKDSYGLDVR	280	290	N	0	-	10	1.21	8.59	-1.44	0.10	0.66	0.21	1.87	1.02	1.14	0.99	2.80
14	O30405	O30405	Periplasmic	DQRETQEKDSRGKWINY	233	250	N	0	-	17	2.15	6.21	-2.41	0.00	0.65	0.26	3.15	0.93	1.08	1.05	4.16
15	O83172	O83172	Extracellular	KESNVHKSPGQWGESSPTPKASAEQYRGT	382	411	N	0	-	29	3.14	8.44	-1.59	0.03	0.64	0.25	2.01	0.99	1.12	1.05	3.72
16	O83279	O83279	CytoplasmicMembrane	WHYRYRHEQQ	288	298	N	0	-	10	1.50	8.60	-2.94	0.00	0.64	0.21	4.49	1.01	0.99	0.98	2.08
17	O83414	O83414	CytoplasmicMembrane	MSNQVGLSNQ	347	357	N	0	-	10	1.08	5.28	-0.61	0.00	0.64	0.19	0.70	1.02	1.11	1.03	2.79
18	O83172	O83172	Extracellular	EANSSGTNGT	368	378	Y	2	NSS[3:5]-NGT[8:10]	10	0.94	4.00	-1.25	0.00	0.64	0.27	1.11	0.95	1.20	1.07	4.54
19	O30405	O30405	Periplasmic	PRRQRADGHFY	86	97	N	0	-	11	1.40	10.74	-2.04	0.00	0.64	0.22	2.00	1.00	1.01	1.02	2.39
20	O83172	O83172	Extracellular	NGGGNGVAAGGAGCPANASSSSGGTSSTQR	425	455	Y	1	NAS[17:19]	30	2.54	8.25	-0.47	0.00	0.63	0.25	1.10	0.98	1.25	1.06	4.64
21	O83128	O83128	Cytoplasmic	GLDGGPFTCS	182	192	N	0	-	10	0.95	3.80	0.13	0.00	0.62	0.20	0.42	1.04	1.19	1.02	1.73
22	O83943	O83943	CytoplasmicMembrane	QPSCNETGGVFRT	173	13	Y	1	NET[5:7]	13	1.40	5.99	-0.78	0.08	0.60	0.21	0.95	0.77	0.91	0.73	3.10
23	O83504	O83504	CytoplasmicMembrane	EIEGKAHPER	261	271	N	0	-	10	1.17	5.50	-1.78	0.00	0.58	0.25	1.61	0.99	0.91	1.03	2.23
24	O83128	O83128	Cytoplasmic	DRISKGQFRFP	250	261	N	0	-	11	1.35	10.84	-1.15	0.00	0.55	0.24	1.24	0.99	1.02	1.02	1.67
25	O83547	O83547	CytoplasmicMembrane	QQKQAETAVEWWKHPPKKV	87	106	N	0	-	19	2.32	9.53	-1.58	0.05	0.53	0.22	2.45	1.02	0.91	1.01	1.83
26	O83504	O83504	CytoplasmicMembrane	PQRARTRSPRRWTSMIKLGSCC	322	22	N	0	-	22	2.59	11.83	-0.96	0.00	0.52	0.26	2.43	0.84	0.88	0.84	1.85
27	O83172	O83172	Extracellular	QSEVPIKTPS	33	43	N	0	-	10	1.09	6.00	-0.77	0.00	0.38	0.19	1.07	1.06	0.98	1.03	1.60
